date,T2M,PRECTOTCORR,RH2M
20230101,21.94,0.0,53.9
20230102,22.29,0.0,54.14
20230103,22.8,0.0,57.69
20230104,23.38,0.0,56.52
20230105,23.03,0.0,57.13
20230106,23.02,0.0,56.94
20230107,23.13,0.0,48.72
20230108,22.31,0.0,45.08
20230109,21.36,0.0,43.87
20230110,21.93,0.0,46.73
20230111,21.81,0.0,47.24
20230112,22.26,0.0,48.83
20230113,22.32,0.0,49.73
20230114,22.71,0.0,48.08
20230115,23.07,0.0,53.32
20230116,23.42,0.0,48.56
20230117,23.29,0.0,50.41
20230118,23.56,0.0,51.74
20230119,23.87,0.0,52.17
20230120,24.4,0.0,51.7
20230121,24.66,0.0,51.34
20230122,24.64,0.0,50.34
20230123,24.76,0.0,49.16
20230124,25.37,0.0,49.16
20230125,25.59,0.0,44.76
20230126,25.42,0.0,45.39
20230127,25.34,0.0,56.58
20230128,25.97,0.01,74.28
20230129,25.03,0.14,79.82
20230130,26.44,0.0,65.08
20230131,25.78,0.15,61.47
20230201,26.35,0.03,64.23
20230202,25.06,0.0,47.06
20230203,25.39,0.0,45.66
20230204,26.03,0.0,46.24
20230205,26.08,0.04,45.61
20230206,25.18,0.0,43.24
20230207,25.08,0.0,44.09
20230208,24.48,0.0,41.76
20230209,25.09,0.0,38.48
20230210,25.34,0.0,39.38
20230211,25.22,0.0,33.11
20230212,25.46,0.0,28.76
20230213,25.8,0.0,31.74
20230214,25.23,0.0,33.23
20230215,24.82,0.0,35.81
20230216,24.56,0.0,32.73
20230217,25.49,0.0,34.16
20230218,25.78,0.0,33.17
20230219,25.88,0.0,30.97
20230220,26.44,0.0,31.41
20230221,25.97,0.0,34.86
20230222,26.65,0.0,40.65
20230223,26.81,0.01,43.69
20230224,27.41,0.01,46.61
20230225,27.98,1.61,54.97
20230226,28.3,0.02,48.62
20230227,27.2,0.31,62.51
20230228,27.22,0.31,66.47
20230301,27.2,0.21,68.24
20230302,27.42,0.41,61.87
20230303,28.28,0.23,66.78
20230304,28.59,1.85,67.7
20230305,28.81,1.82,67.97
20230306,28.23,1.65,70.21
20230307,28.25,0.47,69.04
20230308,27.92,0.64,71.08
20230309,26.25,0.53,80.29
20230310,27.77,0.41,68.61
20230311,26.94,0.43,68.42
20230312,26.31,0.01,50.87
20230313,27.38,0.0,53.21
20230314,27.18,0.02,61.13
20230315,27.6,0.4,62.03
20230316,27.2,0.38,59.95
20230317,28.09,0.35,59.32
20230318,27.26,0.72,58.3
20230319,26.81,0.37,67.23
20230320,27.63,0.04,61.87
20230321,26.4,3.43,69.39
20230322,26.44,0.69,72.22
20230323,27.75,2.59,67.0
20230324,26.26,3.0,73.89
20230325,27.34,0.17,69.92
20230326,26.27,0.52,72.74
20230327,27.61,0.08,56.84
20230328,27.7,0.0,52.25
20230329,27.68,0.02,42.57
20230330,27.76,1.96,61.23
20230331,28.08,0.08,53.64
20230401,28.56,0.01,50.44
20230402,28.5,0.02,49.09
20230403,28.15,0.01,60.57
20230404,26.79,0.01,70.81
20230405,29.0,0.01,57.77
20230406,29.25,1.4,59.73
20230407,28.44,1.44,70.18
20230408,27.69,1.07,72.09
20230409,26.3,1.66,74.4
20230410,28.13,0.67,65.71
20230411,27.37,1.46,72.68
20230412,28.35,0.19,64.63
20230413,29.11,0.06,60.68
20230414,29.21,0.07,58.82
20230415,28.17,0.7,67.0
20230416,28.31,0.36,67.18
20230417,28.13,0.45,64.21
20230418,29.98,0.0,57.48
20230419,30.1,0.02,60.39
20230420,30.24,0.11,61.36
20230421,27.94,1.54,71.45
20230422,27.36,1.16,73.77
20230423,26.48,6.68,82.51
20230424,26.69,3.88,79.93
20230425,28.7,0.43,66.65
20230426,27.87,3.35,73.96
20230427,25.96,6.39,82.16
20230428,26.12,1.03,78.29
20230429,27.79,0.1,69.53
20230430,26.55,0.93,76.53
20230501,27.25,1.09,72.23
20230502,27.42,3.64,73.05
20230503,26.21,7.51,79.76
20230504,26.73,6.02,77.43
20230505,26.73,3.99,77.29
20230506,27.58,3.69,71.77
20230507,27.44,0.74,74.44
20230508,27.1,0.79,76.88
20230509,28.71,0.36,67.47
20230510,27.44,1.58,77.15
20230511,26.58,3.57,81.26
20230512,26.7,2.64,80.05
20230513,28.36,0.44,71.95
20230514,28.83,3.33,64.66
20230515,27.97,4.31,76.52
20230516,27.06,10.17,82.17
20230517,26.51,8.4,85.57
20230518,25.79,3.09,87.38
20230519,27.54,1.98,79.68
20230520,27.08,8.66,83.58
20230521,26.13,2.18,87.84
20230522,26.4,2.93,83.99
20230523,27.02,5.11,81.1
20230524,28.76,0.67,73.99
20230525,27.93,1.97,79.03
20230526,27.08,2.79,83.62
20230527,26.91,1.78,81.64
20230528,26.15,0.68,81.82
20230529,27.14,0.97,74.77
20230530,28.33,0.62,71.89
20230531,26.88,0.66,80.26
20230601,26.8,3.13,82.84
20230602,26.88,2.36,79.73
20230603,26.68,2.66,79.87
20230604,26.58,2.6,80.57
20230605,26.29,6.63,84.42
20230606,24.61,13.62,92.91
20230607,25.32,12.08,85.77
20230608,25.22,13.02,86.02
20230609,25.25,6.73,86.31
20230610,24.96,10.21,89.73
20230611,23.96,47.21,92.04
20230612,24.21,27.01,82.1
20230613,24.52,4.43,84.42
20230614,25.13,4.98,83.84
20230615,25.0,3.43,86.2
20230616,25.59,3.48,85.72
20230617,26.59,1.84,81.54
20230618,26.41,2.69,85.33
20230619,25.47,3.38,89.23
20230620,24.57,9.87,91.46
20230621,24.81,12.34,86.31
20230622,24.47,10.19,86.27
20230623,24.4,6.58,87.05
20230624,24.28,8.77,87.34
20230625,24.15,8.09,88.54
20230626,25.58,5.32,83.22
20230627,25.72,5.06,82.82
20230628,24.5,2.33,88.39
20230629,25.54,4.37,81.67
20230630,25.43,0.77,84.42
20230701,25.85,1.68,83.12
20230702,25.45,2.97,84.1
20230703,25.4,1.92,83.76
20230704,25.36,5.46,85.2
20230705,25.18,7.17,84.1
20230706,26.07,2.18,78.58
20230707,25.43,6.08,85.84
20230708,24.86,11.56,88.26
20230709,24.18,1.06,87.15
20230710,25.73,1.26,81.86
20230711,25.92,8.02,83.14
20230712,24.99,6.63,88.35
20230713,25.1,5.57,85.32
20230714,25.5,2.55,79.6
20230715,26.5,1.56,76.03
20230716,26.63,5.54,78.67
20230717,26.84,4.78,80.89
20230718,25.91,5.24,86.12
20230719,25.45,6.26,87.74
20230720,25.24,1.91,88.21
20230721,25.1,2.04,87.58
20230722,24.82,3.54,86.35
20230723,25.08,16.52,85.45
20230724,24.77,0.91,88.7
20230725,25.26,3.02,85.07
20230726,26.01,1.25,82.77
20230727,25.7,4.0,86.94
20230728,24.42,5.36,92.17
20230729,24.42,14.59,86.24
20230730,24.79,6.65,87.59
20230731,24.91,3.76,90.36
20230801,24.39,2.56,91.45
20230802,24.89,3.26,87.41
20230803,23.66,2.0,90.8
20230804,25.33,1.83,84.11
20230805,25.23,1.0,86.07
20230806,24.12,7.19,90.67
20230807,24.65,1.22,85.1
20230808,24.49,1.02,86.19
20230809,25.18,3.73,84.5
20230810,24.96,2.73,85.63
20230811,24.21,3.77,88.24
20230812,25.54,3.53,83.86
20230813,24.06,10.01,93.77
20230814,24.45,9.36,87.21
20230815,25.34,1.28,79.19
20230816,26.48,3.52,75.65
20230817,26.25,2.61,79.12
20230818,25.82,4.89,85.22
20230819,24.74,24.39,90.14
20230820,24.89,12.84,86.72
20230821,25.68,3.3,81.57
20230822,26.62,3.32,80.01
20230823,25.67,10.65,87.14
20230824,24.68,6.37,88.15
20230825,25.62,3.78,81.95
20230826,25.86,1.07,83.19
20230827,24.82,10.69,88.54
20230828,24.45,1.74,86.23
20230829,25.31,3.18,85.17
20230830,24.03,4.26,89.67
20230831,24.86,0.39,85.02
20230901,25.52,10.29,85.56
20230902,24.13,10.95,91.89
20230903,24.67,6.56,85.18
20230904,23.54,13.47,90.36
20230905,24.51,12.41,86.99
20230906,25.88,4.36,81.04
20230907,27.05,1.05,75.0
20230908,26.14,5.93,82.79
20230909,24.84,6.04,87.26
20230910,25.61,1.5,83.55
20230911,25.96,2.17,85.26
20230912,25.07,8.75,89.51
20230913,25.08,1.78,87.5
20230914,25.06,1.37,86.84
20230915,24.81,2.82,89.01
20230916,24.48,2.54,89.6
20230917,24.6,12.51,88.6
20230918,25.61,10.01,86.5
20230919,25.35,0.6,84.36
20230920,25.67,0.09,82.67
20230921,26.38,0.81,81.66
20230922,25.92,1.85,85.25
20230923,25.34,7.64,85.78
20230924,24.99,2.25,85.99
20230925,26.46,1.47,78.45
20230926,27.14,1.14,78.12
20230927,27.68,3.01,77.36
20230928,26.02,5.72,86.14
20230929,25.19,6.67,87.38
20230930,25.95,2.48,82.71
20231001,25.46,4.6,87.41
20231002,25.31,17.38,87.02
20231003,25.83,7.26,80.29
20231004,26.36,0.09,78.86
20231005,25.74,1.27,87.28
20231006,25.6,1.55,87.4
20231007,26.22,1.7,80.77
20231008,26.6,2.67,78.11
20231009,25.9,2.5,81.96
20231010,26.77,1.92,78.67
20231011,25.26,8.24,88.68
20231012,25.01,8.5,89.32
20231013,25.93,6.68,83.79
20231014,25.83,13.98,85.72
20231015,25.51,7.36,87.5
20231016,25.35,23.5,88.33
20231017,23.93,38.2,92.93
20231018,26.0,0.75,80.67
20231019,26.25,0.56,81.45
20231020,26.54,1.81,80.72
20231021,26.88,1.47,78.1
20231022,26.79,0.02,75.28
20231023,26.41,0.01,79.7
20231024,26.48,0.01,77.58
20231025,26.15,0.01,74.15
20231026,26.46,0.01,75.47
20231027,26.36,0.02,77.77
20231028,26.71,0.1,73.75
20231029,27.4,0.05,67.37
20231030,26.38,0.09,75.69
20231031,26.18,0.04,77.31
20231101,25.22,0.07,85.44
20231102,25.28,0.01,79.18
20231103,26.0,0.23,76.94
20231104,25.95,4.06,84.41
20231105,25.99,9.2,83.7
20231106,26.43,2.24,78.04
20231107,26.54,0.02,76.73
20231108,26.46,0.02,75.17
20231109,26.05,0.0,75.98
20231110,26.54,0.0,67.37
20231111,26.21,0.02,75.95
20231112,26.98,0.07,68.45
20231113,27.65,0.0,65.51
20231114,27.73,0.0,60.91
20231115,25.04,0.18,84.2
20231116,26.48,0.0,67.95
20231117,26.28,0.0,52.95
20231118,25.57,0.0,50.59
20231119,25.36,0.0,46.28
20231120,24.77,0.0,51.15
20231121,25.3,0.0,51.88
20231122,25.85,0.0,59.11
20231123,25.96,0.13,71.39
20231124,25.41,0.23,76.7
20231125,25.65,3.03,82.68
20231126,24.87,5.23,84.68
20231127,26.87,0.0,67.62
20231128,26.62,0.0,62.81
20231129,26.27,0.0,63.65
20231130,26.8,0.0,55.14
20231201,26.65,0.0,49.01
20231202,25.76,0.0,47.92
20231203,25.23,0.0,55.74
20231204,27.01,0.0,58.77
20231205,26.94,0.0,52.12
20231206,26.05,0.0,47.62
20231207,25.89,0.0,47.69
20231208,26.06,0.0,46.56
20231209,24.62,0.0,45.21
20231210,25.15,0.0,47.41
20231211,25.07,0.0,42.93
20231212,23.55,0.0,37.35
20231213,23.92,0.0,35.15
20231214,25.04,0.0,43.35
20231215,25.81,0.0,45.69
20231216,25.59,0.0,43.56
20231217,25.86,0.0,41.21
20231218,26.15,0.0,37.81
20231219,25.53,0.0,39.58
20231220,25.93,0.0,45.18
20231221,26.51,0.0,42.78
20231222,26.09,0.0,38.7
20231223,26.08,0.0,36.71
20231224,25.93,0.0,36.67
20231225,24.99,0.0,32.09
20231226,24.04,0.0,35.71
20231227,24.6,0.0,36.84
20231228,24.92,0.0,35.08
20231229,25.35,0.0,36.25
20231230,26.01,0.0,40.99
20231231,26.18,0.0,38.44
